<?xml version="1.0" encoding="us-ascii"?>
<!-- ?xml-stylesheet type="text/xsl" href="http://ilcsoft.desy.de/marlin/marlin.xsl"? -->
<!-- ?xml-stylesheet type="text/xsl" href="marlin.xsl"? -->


<marlin xmlns:xsi="http://www.w3.org/2001/XMLSchema-instance" xsi:noNamespaceSchemaLocation="http://ilcsoft.desy.de/marlin/marlin.xsd">

   <execute>
      <processor name="AIDA"/>
      <processor name="HitMakerM26"/>
      <processor name="HitMakerAPIX"/>
      <processor name="Correlator"/>
      <processor name="PreAligner"/>
      <processor name="Save"/>
      <processor name="EUTelUtilityPrintEventNumber"/> 
   </execute>

   <global>
      <parameter name="LCIOInputFiles"> ./output/lcio/run003547-clustering.slcio </parameter>
      <parameter name="GearXMLFile" value="/nfs/dust/atlas/user/ridder/ilcsoft/v01-17-05/Eutelescope/trunk/jobsub/FEI4/gear_ALIGNED/gear_150mm_1fei4_95.xml"/>
      <parameter name="MaxRecordNumber" value="10000"/>
      <parameter name="SkipNEvents" value="0"/>
      <parameter name="SupressCheck" value="false"/>
      <parameter name="Verbosity" value="MESSAGE4"/>
   </global>


 <processor name="AIDA" type="AIDAProcessor">
 <!--Processor that handles AIDA files. Creates on directory per processor.  Processors only need to create and fill the histograms, clouds and tuples. Needs to be the first ActiveProcessor-->
  <!-- compression of output file 0: false >0: true (default) -->
  <parameter name="Compress" type="int">1 </parameter>
  <!-- filename without extension-->
  <parameter name="FileName" type="string" value= "./output/histograms/run003547-hitmaker-histo"/>
  <!-- type of output file root (default) or xml )-->
  <parameter name="FileType" type="string">root </parameter>
  <!--verbosity level of this processor ("DEBUG0-4,MESSAGE0-4,WARNING0-4,ERROR0-4,SILENT")-->
  <!--parameter name="Verbosity" type="string">DEBUG </parameter-->
 </processor>

 <processor name="HitMakerM26" type="EUTelProcessorHitMaker">
 <!--EUTelHitMakerTwo is responsible to translate cluster centers from the local frame of reference to the external frame of reference using the GEAR geometry description-->
  <!--If true a 3D histo will be filled. It may require large memory-->
  <!--parameter name="Enable3DHisto" type="bool">true </parameter-->
  <!--Hit coordinates are calculated in local reference frame of sensor-->
  <parameter name="EnableLocalCoordidates" type="bool">true </parameter>
  <!--Hit collection name-->
  <parameter name="HitCollectionName" type="string" lcioOutType="TrackerHit"> hit </parameter>
  <!--This is the name of the LCIO file name with the output offset db (add .slcio)-->
  <!--parameter name="OffsetDBFile" type="string">offset-db.slcio </parameter-->
  <!--Cluster (pulse) collection name-->
  <parameter name="PulseCollectionName" type="string" lcioInType="TrackerPulse">cluster_m26_free </parameter>
  <!--This is the name of the reference hit collection initialized in this processor. This collection provides the reference vector to correctly determine a plane corresponding to a global hit coordiante.-->
  <!--parameter name="ReferenceCollection" type="string">referenceHit </parameter-->
  <!--This is the file where the reference hit collection is stored-->
  <parameter name="ReferenceHitFile" type="string"> ./output/database/run003547-refhit-db.slcio </parameter>
  <!--verbosity level of this processor ("DEBUG0-4,MESSAGE0-4,WARNING0-4,ERROR0-4,SILENT")-->
  <!--parameter name="Verbosity" type="string">DEBUG </parameter-->
 </processor>

 <processor name="HitMakerAPIX" type="EUTelProcessorHitMaker">
 <!--EUTelHitMakerTwo is responsible to translate cluster centers from the local frame of reference to the external frame of reference using the GEAR geometry description-->
  <!--If true a 3D histo will be filled. It may require large memory-->
  <!--parameter name="Enable3DHisto" type="bool">true </parameter-->
  <!--Hit coordinates are calculated in local reference frame of sensor-->
  <parameter name="EnableLocalCoordidates" type="bool">true </parameter>
  <!--Hit collection name-->
  <parameter name="HitCollectionName" type="string" lcioOutType="TrackerHit"> hit </parameter>
  <!--This is the name of the LCIO file name with the output offset db (add .slcio)-->
  <!--parameter name="OffsetDBFile" type="string">offset-db.slcio </parameter-->
  <!--Cluster (pulse) collection name-->
  <parameter name="PulseCollectionName" type="string" lcioInType="TrackerPulse">cluster_apix_free </parameter>
  <!--This is the name of the reference hit collection initialized in this processor. This collection provides the reference vector to correctly determine a plane corresponding to a global hit coordiante.-->
  <!--parameter name="ReferenceCollection" type="string">referenceHit </parameter-->
  <!--This is the file where the reference hit collection is stored-->
  <parameter name="ReferenceHitFile" type="string"> ./output/database/run003547-refhit-db.slcio </parameter>
  <!--verbosity level of this processor ("DEBUG0-4,MESSAGE0-4,WARNING0-4,ERROR0-4,SILENT")-->
  <!--parameter name="Verbosity" type="string">DEBUG </parameter-->
 </processor>

<processor name="PreAligner" type="EUTelPreAlign">
 <!--Apply alignment constants to hit collection-->
  <!--Name of LCIO db file where alignment constantds will be stored-->
  <parameter name="AlignmentConstantLCIOFile" type="string"> ./output/database/run003547-prealign-db.slcio </parameter>
  <!--How many events should be used for an approximation to the X,Y shifts (pre-alignment)? (default=50000)-->
  <parameter name="Events" type="int">9999 </parameter>
  <!--SensorID of fixed plane-->
  <!--parameter name="FixedPlane" type="int">0 </parameter-->
  <!--Switch on or off the histogram filling-->
  <!--parameter name="HistogramFilling" type="bool">true </parameter-->
  <!--This is the name of the hot pixel collection that clusters should be checked against (optional). -->
  <!--parameter name="HotPixelCollectionName" type="string"> </parameter-->
  <!--The name of the input hit collection-->
  <parameter name="InputHitCollectionName" type="string" lcioInType="TrackerHit">hit </parameter>
  <!--If there are more then this number of correlated hits (planes->track candidate) (default=5)-->
  <!--parameter name="MinNumberOfCorrelatedHits" type="int">5 </parameter-->
  <!--reference hit collection name -->
  <parameter name="ReferenceCollection" type="string">referenceHit </parameter>
  <!--Maximal values of the hit residuals in the X direction for a correlation band. Note: these numbers are ordered according to the z position of the sensors and NOT according to the sensor id.-->
  <parameter name="ResidualsXMax" type="FloatVec"> 2. 2. 2.   8.  2. 2. 5. </parameter>
  <!--Minimal values of the hit residuals in the X direction for a correlation band. Note: these numbers are ordered according to the z position of the sensors and NOT according to the sensor id.-->
  <parameter name="ResidualsXMin" type="FloatVec"> -2. -2. -2.   -8.  -2. -2. -5. </parameter>
  <!--Maximal values of the hit residuals in the Y direction for a correlation band. Note: these numbers are ordered according to the z position of the sensors and NOT according to the sensor id.-->
  <parameter name="ResidualsYMax" type="FloatVec"> 2. 2. 2.  8.   2. 2. 5. </parameter>
  <!--Minimal values of the hit residuals in the Y direction for a correlation band. Note: these numbers are ordered according to the z position of the sensors and NOT according to the sensor id.-->
  <parameter name="ResidualsYMin" type="FloatVec"> -2. -2. -2.   -8.  -2. -2. -5. </parameter>
  <!--Do you want the reference hit collection to be used for coordinate transformations?-->
  <!--parameter name="UseReferenceCollection" type="bool">true </parameter-->
  <!--verbosity level of this processor ("DEBUG0-4,MESSAGE0-4,WARNING0-4,ERROR0-4,SILENT")-->
  <!--parameter name="Verbosity" type="string">DEBUG </parameter-->
 </processor>

 <processor name="Correlator" type="EUTelCorrelator">
 <!--EUTelCorrelator fills histograms with correlation plots-->
  <!--Minimum allowed cluster charge to be taken into account for the correlation plots (default = 2)-->
  <parameter name="ClusterChargeMinimum" type="int">2 </parameter>
  <!--Dump the offset X and Y values calculated from the correlation bands (default = true)-->
  <parameter name="DumpOffset" type="bool"> false </parameter>
  <!--How many events are needed to get reasonable correlation plots (and Offset DB)? (default=1000)-->
  <parameter name="Events" type="int"> 9999 </parameter>
  <!--Name of histogram info xml file-->
  <parameter name="HistogramInfoFilename" type="string"> /nfs/dust/atlas/user/ridder/ilcsoft/v01-17-05/Eutelescope/trunk/jobsub/FEI4/steering-templates/histoinfo.xml </parameter>
  <!--SensorID of fixed plane-->
  <!--parameter name="FixedPlane" type="int">0 </parameter-->
  <!--This is the name of the hot pixel collection to be saved into the output slcio file-->
  <!--parameter name="HotPixelCollectionName" type="string">hotpixel </parameter-->
  <!--List of cluster collections-->
  <parameter name="InputClusterCollections" type="StringVec" lcioInType="TrackerPulse"> </parameter>
  <!--Hit collection name-->
  <parameter name="InputHitCollectionName" type="string" lcioInType="TrackerHit">hit </parameter>
  <!--If there are more then this number of correlated hits (planes->track candidate) (default=5)-->
  <parameter name="MinNumberOfCorrelatedHits" type="int">5 </parameter>
  <!--This is the name of the LCIO file name with the output offset db (add .slcio)-->
  <!--parameter name="OffsetDBFile" type="string">offset-db.slcio </parameter-->
  <!--reference hit collection name -->
   <parameter name="ReferenceCollection" type="string" value="refhit"/>
  <!--Maximal values of the hit residuals in the X direction for a correlation band. Note: these numbers are ordered according to the z position of the sensors and NOT according to the sensor id.-->
  <parameter name="ResidualsXMax" type="FloatVec"> 2. 2. 2.  8.   2. 2. 5. </parameter>
  <!--Minimal values of the hit residuals in the X direction for a correlation band. Note: these numbers are ordered according to the z position of the sensors and NOT according to the sensor id.-->
  <parameter name="ResidualsXMin" type="FloatVec"> -2. -2. -2.   -8.  -2. -2. -5. </parameter>
  <!--Maximal values of the hit residuals in the Y direction for a correlation band. Note: these numbers are ordered according to the z position of the sensors and NOT according to the sensor id.-->
  <parameter name="ResidualsYMax" type="FloatVec"> 2. 2. 2.  8.   2. 2. 5. </parameter>
  <!--Minimal values of the hit residuals in the Y direction for a correlation band. Note: these numbers are ordered according to the z position of the sensors and NOT according to the sensor id.-->
  <parameter name="ResidualsYMin" type="FloatVec"> -2. -2. -2.   -8.  -2. -2. -5. </parameter>
 <!--Do you want the reference hit collection to be used for coordinate transformations?-->
  <parameter name="UseReferenceCollection" type="bool">true </parameter>
  <!--verbosity level of this processor ("DEBUG0-4,MESSAGE0-4,WARNING0-4,ERROR0-4,SILENT")-->
  <!--parameter name="Verbosity" type="string">DEBUG </parameter-->
</processor>

<processor name="Save" type="EUTelOutputProcessor">
 <!--Writes the current event to the specified LCIO outputfile. Eventually it adds a EORE at the of the file if it was missing Needs to be the last ActiveProcessor.-->
  <!--drops the named collections from the event-->
  <!--parameter name="DropCollectionNames" type="StringVec">TPCHits HCalHits  </parameter-->
  <!--drops all collections of the given type from the event-->
  <!--parameter name="DropCollectionTypes" type="StringVec">SimTrackerHit SimCalorimeterHit  </parameter-->
  <!-- write complete objects in subset collections to the file (i.e. ignore subset flag)-->
  <!--parameter name="FullSubsetCollections" type="StringVec">MCParticlesSkimmed  </parameter-->
  <!--force keep of the named collections - overrules DropCollectionTypes (and DropCollectionNames)-->
  <!--parameter name="KeepCollectionNames" type="StringVec">MyPreciousSimTrackerHits  </parameter-->
  <!-- name of output file -->
  <parameter name="LCIOOutputFile" type="string" value="./output/lcio/run003547-hitmaker.slcio"/>
  <!--write mode for output file:  WRITE_APPEND or WRITE_NEW-->
  <parameter name="LCIOWriteMode" type="string" value="WRITE_NEW"/>
  <!--Set it to true to remove intermediate EORE in merged runs-->
  <parameter name="SkipIntermediateEORE" type="bool">true </parameter>
  <!--will split output file if size in kB exceeds given value - doesn't work with APPEND and NEW-->
  <!--parameter name="SplitFileSizekB" type="int">1992294 </parameter-->
  <!--verbosity level of this processor ("DEBUG0-4,MESSAGE0-4,WARNING0-4,ERROR0-4,SILENT")-->
  <!--parameter name="Verbosity" type="string">DEBUG </parameter-->
 </processor>

 <processor name="EUTelUtilityPrintEventNumber" type="EUTelUtilityPrintEventNumber">
 <!--EUTelUtilityPrintEventNumber prints event number to screen depending on the verbosity level-->
  <!--Print event number for every n-th event-->
  <parameter name="EveryNEvents" type="int">2500 </parameter>
  <!--verbosity level of this processor ("DEBUG0-4,MESSAGE0-4,WARNING0-4,ERROR0-4,SILENT")-->
  <!--parameter name="Verbosity" type="string">DEBUG </parameter-->
  <!--print the event timestamp as read from LCIO-->
  <!--parameter name="printTimestamp" type="bool">false </parameter-->
 </processor>

</marlin>
