<?xml version="1.0" encoding="us-ascii"?>
<!-- ?xml-stylesheet type="text/xsl" href="http://ilcsoft.desy.de/marlin/marlin.xsl"? -->
<!-- ?xml-stylesheet type="text/xsl" href="marlin.xsl"? -->

<!--
============================================================================================================================
   Steering File generated by Marlin GUI on Fri Aug  2 11:52:27 2013

   WARNING: - Please be aware that comments made in the original steering file were lost.
            - Processors that are not installed in your Marlin binary lost their parameter's descriptions and types as well.
            - Extra parameters that aren't categorized as default in a processor lost their description and type.
============================================================================================================================
-->


<marlin xmlns:xsi="http://www.w3.org/2001/XMLSchema-instance" xsi:noNamespaceSchemaLocation="http://ilcsoft.desy.de/marlin/marlin.xsd">

   <execute>
      <processor name="AIDA"/>
      <processor name="LoadRefHitDB"/>
      <processor name="LoadPreAlignment"/>
      <processor name="ApplyPreAlignment"/>
      <processor name="LoadAlignment"/>
      <processor name="ApplyAlignment"/>
      <group name="TelDUTFitter"/>
      <group name="TelDUTTransferToLocalCoordinates"/>
      <group name="TelDUTHistos"/>
      <processor name="MyEUTelUtilityPrintEventNumber"/>
      <processor name="Save"/>
   </execute>

   <global>
      <parameter name="LCIOInputFiles"> ./output/lcio/run003569-hitmaker.slcio </parameter>
      <parameter name="GearXMLFile" value="/nfs/dust/atlas/user/ridder/ilcsoft/v01-17-05/Eutelescope/trunk/jobsub/FEI4/gear_150mm_1fei4.xml"/>
      <parameter name="MaxRecordNumber" value="10000"/>
      <parameter name="SkipNEvents" value="0"/>
      <parameter name="SupressCheck" value="false"/>
      <parameter name="Verbosity" value="MESSAGE4"/>
   </global>

 <processor name="AIDA" type="AIDAProcessor">
 <!--Processor that handles AIDA files. Creates on directory per processor.  Processors only need to create and fill the histograms, clouds and tuples. Needs to be the first ActiveProcessor-->
  <!-- compression of output file 0: false >0: true (default) -->
  <parameter name="Compress" type="int" value="1"/>
  <!-- filename without extension-->
  <parameter name="FileName" type="string" value="./output/histograms/run003569-fitter"/>
  <!-- type of output file root (default) or xml )-->
  <parameter name="FileType" type="string" value="root"/>
  <!--verbosity level of this processor ("DEBUG0-4,MESSAGE0-4,WARNING0-4,ERROR0-4,SILENT")-->
  <!--parameter name="Verbosity" type="string" value=""/-->
</processor>

 <processor name="LoadRefHitDB" type="ConditionsProcessor">
 <!--ConditionsProcessor provides access to conditions data  transparently from LCIO files or a databases, using LCCD-->
  <!--Initialization of a conditions database handler-->
  <!--parameter name="DBCondHandler" type="StringVec"> conditionsName /lccd/myfolder HEAD </parameter-->
  <!--Initialization of a conditions db file handler-->
  <!--parameter name="DBFileHandler" type="StringVec"> conditionsName conditions.slcio collectionName </parameter-->
  <!--Initialization string for conditions database-->
  <parameter name="DBInit" type="string" value="localhost:lccd_test:align:tel"/>
  <!--Initialization of a data file handler-->
  <!--parameter name="DataFileHandler" type="StringVec" value="conditionsName"/-->
  <!--Initialization of a simple conditions file handler-->
  <parameter name="SimpleFileHandler" type="StringVec"> refhit ./output/database/run003569-refhit-db.slcio referenceHit </parameter>
  <parameter name="SimpleFileHandler" type="StringVec"> refhit01 ./output/database/run003569-refhit-db.slcio referenceHit </parameter>
  <parameter name="SimpleFileHandler" type="StringVec"> refhit02 ./output/database/run003569-refhit-db.slcio referenceHit </parameter>
  <parameter name="SimpleFileHandler" type="StringVec"> refhit11 ./output/database/run003569-refhit-db.slcio referenceHit </parameter>
  <parameter name="SimpleFileHandler" type="StringVec"> refhit12 ./output/database/run003569-refhit-db.slcio referenceHit </parameter>
  <parameter name="SimpleFileHandler" type="StringVec"> refhit21 ./output/database/run003569-refhit-db.slcio referenceHit </parameter>
  <parameter name="SimpleFileHandler" type="StringVec"> refhit22 ./output/database/run003569-refhit-db.slcio referenceHit </parameter>
  <parameter name="SimpleFileHandler" type="StringVec"> refhit31 ./output/database/run003569-refhit-db.slcio referenceHit </parameter>
  <parameter name="SimpleFileHandler" type="StringVec"> refhit32 ./output/database/run003569-refhit-db.slcio referenceHit </parameter>
  <parameter name="SimpleFileHandler" type="StringVec"> refhit41 ./output/database/run003569-refhit-db.slcio referenceHit </parameter>
  <parameter name="SimpleFileHandler" type="StringVec"> refhit42 ./output/database/run003569-refhit-db.slcio referenceHit </parameter>
  <parameter name="SimpleFileHandler" type="StringVec"> refhit51 ./output/database/run003569-refhit-db.slcio referenceHit </parameter>
  <parameter name="SimpleFileHandler" type="StringVec"> refhit52 ./output/database/run003569-refhit-db.slcio referenceHit </parameter>
  <!--verbosity level of this processor ("DEBUG0-4,MESSAGE0-4,WARNING0-4,ERROR0-4,SILENT")-->
  <!--parameter name="Verbosity" type="string" value=""/-->
</processor>

 <processor name="LoadPreAlignment" type="ConditionsProcessor">
 <!--ConditionsProcessor provides access to conditions data  transparently from LCIO files or a databases, using LCCD-->
  <!--Initialization of a conditions database handler-->
  <!--parameter name="DBCondHandler" type="StringVec"> conditionsName /lccd/myfolder HEAD </parameter-->
  <!--Initialization of a conditions db file handler-->
  <!--parameter name="DBFileHandler" type="StringVec"> conditionsName conditions.slcio collectionName </parameter-->
  <!--Initialization string for conditions database-->
  <parameter name="DBInit" type="string" value="localhost:lccd_test:align:tel"/>
  <!--Initialization of a data file handler-->
  <!--parameter name="DataFileHandler" type="StringVec" value="conditionsName"/-->
  <!--Initialization of a simple conditions file handler-->
  <parameter name="SimpleFileHandler" type="StringVec"> prealign ./output/database/run003569-prealign-db.slcio alignment </parameter>
  <!--verbosity level of this processor ("DEBUG0-4,MESSAGE0-4,WARNING0-4,ERROR0-4,SILENT")-->
  <!--parameter name="Verbosity" type="string" value=""/-->
</processor>

 <processor name="ApplyPreAlignment" type="EUTelApplyAlignmentProcessor">
 <!--Apply to the input hit the alignment corrections-->
  <!--Alignment constant from the condition file-->
  <parameter name="AlignmentConstantName" type="string" lcioInType="LCGenericObject"> prealign </parameter>
  <!--The name of the input hit collection-->
  <parameter name="InputHitCollectionName" type="string" lcioInType="TrackerHit"> hit </parameter>
  <!--The name of the output hit collection-->
  <parameter name="OutputHitCollectionName" type="string" lcioOutType="TrackerHit"> alignedPre </parameter>
  <!--Rotation Angle around X axis-->
  <!--parameter name="Alpha" type="double" value="0"/-->
  <!--Available directinos are:
 0 -> direct  
 1 -> reverse -->
  <parameter name="ApplyAlignmentDirection" type="int" value="0"/>
  <!--Do you want the reference hit collection to be corrected by the shifts and tilts from the alignment collection?-->
  <parameter name="ApplyToReferenceCollection" type="bool" value="1"/>
  <!--Rotation Angle around Y axis-->
  <!--parameter name="Beta" type="double" value="0"/-->
  <!--Available methods are:
 0 -> shift only 
 1 -> rotation first 
 2 -> shift first -->
  <parameter name="CorrectionMethod" type="int" value="1"/>
  <!--Enable or disable DEBUG mode -->
  <parameter name="DEBUG" type="bool" value="false"/>
  <!--Implement geometry shifts and rotations as described in alignmentCollectionName -->
  <parameter name="DoAlignCollection" type="bool" value="true"/>
  <!--Apply alignment steps in one go. Is supposed to be used for reversealignment in reverse order, like: undoAlignment, undoPreAlignment, undoGear -->
  <!--parameter name="DoAlignmentInOneGo" type="bool" value="false"/-->
  <!--Implement geometry shifts and rotations as described in GEAR steering file -->
  <!--parameter name="DoGear" type="bool" value="false"/-->
  <!--Rotation Angle around Z axis-->
  <!--parameter name="Gamma" type="double" value="0"/-->
  <!--Enable or disable histograms-->
  <parameter name="HistogramSwitch" type="bool" value="true"/>
  <!--This is the name of the modified output reference hit collection-->
  <!--parameter name="OutputReferenceCollection" type="string" value="output_refhit"/-->
  <!--Events number to have DEBUG1 printed outs (default=10)-->
  <parameter name="PrintEvents" type="int" value="0"/>
  <!--This is the name of the reference hit collection-->
  <parameter name="ReferenceCollection" type="string" value="refhit"/>
  <!--verbosity level of this processor ("DEBUG0-4,MESSAGE0-4,WARNING0-4,ERROR0-4,SILENT")-->
  <!--parameter name="Verbosity" type="string" value=""/-->
  <!--List of alignment collections that were applied to the DUT-->
  <parameter name="alignmentCollectionNames" type="StringVec" value="prealign"/>
  <!--List of hit collections. First one is INPUT collection, every subsequent corresponds to applying alignment collection-->
  <parameter name="hitCollectionNames" type="StringVec" value="hitCollectionNames"/>
  <!--List of refhit collections. First one is INPUT collection, every subsequent corresponds to applying alignment collection-->
  <parameter name="refhitCollectionNames" type="StringVec" value="hitCollectionNames"/>
</processor>

 <processor name="LoadAlignment" type="ConditionsProcessor">
 <!--ConditionsProcessor provides access to conditions data  transparently from LCIO files or a databases, using LCCD-->
  <!--Initialization of a conditions database handler-->
  <!--parameter name="DBCondHandler" type="StringVec"> conditionsName /lccd/myfolder HEAD </parameter-->
  <!--Initialization of a conditions db file handler-->
  <!--parameter name="DBFileHandler" type="StringVec"> conditionsName conditions.slcio collectionName </parameter-->
  <!--Initialization string for conditions database-->
  <parameter name="DBInit" type="string" value="localhost:lccd_test:calvin:hobbes"/>
  <!--Initialization of a data file handler-->
  <!--parameter name="DataFileHandler" type="StringVec" value="conditionsName"/-->
  <!--Initialization of a simple conditions file handler-->
  <parameter name="SimpleFileHandler" type="StringVec"> alignment ./output/database/run003569-alignment.slcio alignment </parameter>
  <!--verbosity level of this processor ("DEBUG0-4,MESSAGE0-4,WARNING0-4,ERROR0-4,SILENT")-->
  <!--parameter name="Verbosity" type="string" value=""/-->
</processor>

 <processor name="ApplyAlignment" type="EUTelApplyAlignmentProcessor">
 <!--Apply to the input hit the alignment corrections-->
  <!--Alignment constant from the condition file-->
  <parameter name="AlignmentConstantName" type="string" lcioInType="LCGenericObject"> alignment </parameter>
  <!--The name of the input hit collection-->
  <parameter name="InputHitCollectionName" type="string" lcioInType="TrackerHit"> alignedPre </parameter>
  <!--The name of the output hit collection-->
  <parameter name="OutputHitCollectionName" type="string" lcioOutType="TrackerHit"> alignedHit </parameter>
  <!--Rotation Angle around X axis-->
  <!--parameter name="Alpha" type="double" value="0"/-->
  <!--Available directinos are:
 0 -> direct  
 1 -> reverse -->
  <parameter name="ApplyAlignmentDirection" type="int" value="0"/>
  <!--Do you want the reference hit collection to be corrected by the shifts and tilts from the alignment collection?-->
  <parameter name="ApplyToReferenceCollection" type="bool" value="1"/>
  <!--Rotation Angle around Y axis-->
  <!--parameter name="Beta" type="double" value="0"/-->
  <!--Available methods are:
 0 -> shift only 
 1 -> rotation first 
 2 -> shift first -->
  <parameter name="CorrectionMethod" type="int" value="1"/>
  <!--Enable or disable DEBUG mode -->
  <parameter name="DEBUG" type="bool" value="false"/>
  <!--Implement geometry shifts and rotations as described in alignmentCollectionName -->
  <parameter name="DoAlignCollection" type="bool" value="true"/>
  <!--Apply alignment steps in one go. Is supposed to be used for reversealignment in reverse order, like: undoAlignment, undoPreAlignment, undoGear -->
  <!--parameter name="DoAlignmentInOneGo" type="bool" value="false"/-->
  <!--Implement geometry shifts and rotations as described in GEAR steering file -->
  <!--parameter name="DoGear" type="bool" value="false"/-->
  <!--Rotation Angle around Z axis-->
  <!--parameter name="Gamma" type="double" value="0"/-->
  <!--Enable or disable histograms-->
  <parameter name="HistogramSwitch" type="bool" value="false"/>
  <!--This is the name of the modified output reference hit collection-->
  <!--parameter name="OutputReferenceCollection" type="string" value="output_refhit"/-->
  <!--Events number to have DEBUG1 printed outs (default=10)-->
  <parameter name="PrintEvents" type="int" value="0"/>
  <!--This is the name of the reference hit collection-->
  <parameter name="ReferenceCollection" type="string" value="refhit"/>
  <!--verbosity level of this processor ("DEBUG0-4,MESSAGE0-4,WARNING0-4,ERROR0-4,SILENT")-->
  <!--parameter name="Verbosity" type="string" value=""/-->
  <!--List of alignment collections that were applied to the DUT-->
  <parameter name="alignmentCollectionNames" type="StringVec" value="alignment"/>
  <!--List of hit collections. First one is INPUT collection, every subsequent corresponds to applying alignment collection-->
  <parameter name="hitCollectionNames" type="StringVec" value="hitCollectionNames"/>
  <!--List of refhit collections. First one is INPUT collection, every subsequent corresponds to applying alignment collection-->
  <parameter name="refhitCollectionNames" type="StringVec" value="hitCollectionNames"/>
</processor>


<group name="TelDUTFitter" >
  <!--Analytical track fitting processor for EUDET telescope-->
  <!--Name of the input TrackerHit collection-->
  <parameter name="InputCollectionName" type="string" lcioInType="TrackerHit"> alignedHit </parameter>
  <!--Ids of layers for which alignment corrections are given-->
  <!--parameter name="AlignLayerIDs" type="IntVec"> </parameter-->
  <!--Rotation around Z for layer alignment-->
  <!--parameter name="AlignLayerRotZ" type="FloatVec"> </parameter-->
  <!--Alignment corrections in X for these layers-->
  <!--parameter name="AlignLayerShiftX" type="FloatVec"> </parameter-->
  <!--Alignment corrections in Y for these layers-->
  <!--parameter name="AlignLayerShiftY" type="FloatVec"> </parameter-->
  <!--Allow same hit to be used in more than one track-->
  <parameter name="AllowAmbiguousHits" type="bool" value="false"/>
  <!--Allowed number of missing hits in the track-->
  <parameter name="AllowMissingHits" type="int" value="0"/>
  <!--Allowed number of hits removed from the track-->
  <parameter name="AllowSkipHits" type="int" value="0"/>
  <!--Beam direction tilt in X-Z plane [rad] (for beam constraint)-->
  <!--parameter name="BeamSlopeX" type="double" value="0"/-->
  <!--Beam direction tilt in Y-Z plane [rad] (for beam constraint)-->
  <!--parameter name="BeamSlopeY" type="double" value="0"/-->
  <!--Assumed angular spread of the beam [rad] (for beam constraint)-->
  <!--parameter name="BeamSpread" type="double" value="0"/-->
  <!--Maximum Chi2 for accepted track fit-->
  <parameter name="Chi2Max" type="double" value="30.0 # was 1000"/>
  <!--Minimum Chi2 for accepted track fit-->
  <parameter name="Chi2Min" type="double" value="0"/>
  <!--Beam energy [GeV]-->
  <parameter name="Ebeam" type="double" value="4.0"/>
  <!--Name of the histogram information file-->
  <parameter name="HistoInfoFileName" type="string" value="/nfs/dust/atlas/user/ridder/ilcsoft/v01-17-05/Eutelescope/trunk/jobsub/FEI4/steering-templates/histoinfo.xml"/>
  <!--Flag for storing input (measured) hits in track-->
  <parameter name="InputHitsInTrack" type="bool" value="true"/>
  <!--Ids of layers for which position masks are applied-->
  <!--parameter name="MaskLayerIDs" type="IntVec"> </parameter-->
  <!--Upper mask edge in X-->
  <!--parameter name="MaskMaxX" type="FloatVec"> </parameter-->
  <!--Upper mask edge in Y-->
  <!--parameter name="MaskMaxY" type="FloatVec"> </parameter-->
  <!--Lower mask edge in X-->
  <!--parameter name="MaskMinX" type="FloatVec"> </parameter-->
  <!--Lower mask edge in Y-->
  <!--parameter name="MaskMinY" type="FloatVec"> </parameter-->
  <!--Maximum number of considered hits per plane-->
  <parameter name="MaxPlaneHits" type="int" value="100"/>
  <!--Maximum number of hits to be shared by more than one track-->
  <!--parameter name="MaximumAmbiguousHits" type="int" value="2"/-->
  <!--Chi2 penalty for missing hit in the track-->
  <parameter name="MissingHitPenalty" type="double" value="0"/>
  <!--Flag for storing output (fitted) hits in track-->
  <parameter name="OutputHitsInTrack" type="bool" value="true"/>
  <!--reference hit collection name -->
  <parameter name="ReferenceCollection" type="string" value="refhit"/>
  <!--X resolution parameter for each plane. Note: these numbers are ordered according to the z position of the sensors and NOT according to the sensor id.-->
  <!--parameter name="ResolutionX" type="FloatVec"> 10 10 10 10 10 10 </parameter-->
  <!--Y resolution parameter for each plane. Note: these numbers are ordered according to the z position of the sensors and NOT according to the sensor id.-->
  <!--parameter name="ResolutionY" type="FloatVec"> 10 10 10 10 10 10 </parameter-->
  <!--Z resolution parameter for each plane. Note: these numbers are ordered according to the z position of the sensors and NOT according to the sensor id.-->
  <!--parameter name="ResolutionZ" type="FloatVec"> 10 10 10 10 10 10 </parameter-->
  <!--Flag for searching multiple tracks in events with multiple hits-->
  <parameter name="SearchMultipleTracks" type="bool" value="true"/>
  <!--Chi2 penalty for removing hit from the track-->
  <parameter name="SkipHitPenalty" type="double" value="0"/>
  <!--Ids of layers which should NOT be included in the fit-->
  <parameter name="SkipLayerIDs" type="IntVec" value="99"/>
  <!--Maximum hit distance from the expected position, used for hit preselection in [mm]-->
  <parameter name="SlopeDistanceMax" type="float" value="2000.0"/>
  <!--Limit on track slope change when passing sensor layer (in X direction)-->
  <parameter name="SlopeXLimit" type="float" value="0.01"/>
  <!--Limit on track slope change when passing sensor layer (in Y direction)-->
  <parameter name="SlopeYLimit" type="float" value="0.01"/>
  <!--Flag for using beam direction constraint in the fit-->
  <parameter name="UseBeamConstraint" type="bool" value="false"/>
  <!--Flag for including DUT measurement in the fit-->
  <parameter name="UseDUT" type="bool" value="false"/>
  <!--Flag for using nominal resolution instead of position errors-->
  <parameter name="UseNominalResolution" type="bool" value="false"/>
  <!--Do you want the reference hit collection to be used for coordinate transformations?-->
  <!--parameter name="UseReferenceCollection" type="bool" value="true"/-->
  <!--Use expected track direction to constraint number of considered hit combinations (track preselection).-->
  <parameter name="UseSlope" type="bool" value="true"/>
  <!--verbosity level of this processor ("DEBUG0-4,MESSAGE0-4,WARNING0-4,ERROR0-4,SILENT")-->
  <!--parameter name="Verbosity" type="string" value=""/-->
  <!--Ids of layers for which position window cut are applied-->
  <!--parameter name="WindowLayerIDs" type="IntVec"> </parameter-->
  <!--Upper window edge in X-->
  <!--parameter name="WindowMaxX" type="FloatVec"> </parameter-->
  <!--Upper window edge in Y-->
  <!--parameter name="WindowMaxY" type="FloatVec"> </parameter-->
  <!--Lower window edge in X-->
  <!--parameter name="WindowMinX" type="FloatVec"> </parameter-->
  <!--Lower window edge in Y-->
  <!--parameter name="WindowMinY" type="FloatVec"> </parameter-->
  <!--List of alignment collections which are neede to get track position on a Sensor surface -->
  <parameter name="alignmentCollectionNames" type="StringVec" value="alignment"/>

  <processor name="Fitter00" type="EUTelTestFitter">
    <parameter name="CorrectedHitCollectionName" type="string" lcioOutType="TrackerHit"> corrhits0 </parameter>
    <parameter name="OutputHitCollectionName" type="string" lcioOutType="TrackerHit"> fithits0 </parameter>
    <parameter name="OutputTrackCollectionName" type="string" lcioOutType="Track"> track0 </parameter>
    <parameter name="PassiveLayerIDs" type="IntVec">0</parameter>
  </processor>

  <processor name="Fitter01" type="EUTelTestFitter">
    <parameter name="CorrectedHitCollectionName" type="string" lcioOutType="TrackerHit"> corrhits1 </parameter>
    <parameter name="OutputHitCollectionName" type="string" lcioOutType="TrackerHit"> fithits1 </parameter>
    <parameter name="OutputTrackCollectionName" type="string" lcioOutType="Track"> track1 </parameter>
    <parameter name="PassiveLayerIDs" type="IntVec">1</parameter>
  </processor>
  
  <processor name="Fitter02" type="EUTelTestFitter">
    <parameter name="CorrectedHitCollectionName" type="string" lcioOutType="TrackerHit"> corrhits2 </parameter>
    <parameter name="OutputHitCollectionName" type="string" lcioOutType="TrackerHit"> fithits2 </parameter>
    <parameter name="OutputTrackCollectionName" type="string" lcioOutType="Track"> track2 </parameter>
    <parameter name="PassiveLayerIDs" type="IntVec">2</parameter>
  </processor>
  
  <processor name="Fitter03" type="EUTelTestFitter">
    <parameter name="CorrectedHitCollectionName" type="string" lcioOutType="TrackerHit"> corrhits3 </parameter>
    <parameter name="OutputHitCollectionName" type="string" lcioOutType="TrackerHit"> fithits3 </parameter>
    <parameter name="OutputTrackCollectionName" type="string" lcioOutType="Track"> track3 </parameter>
    <parameter name="PassiveLayerIDs" type="IntVec">3</parameter>
  </processor>
  
  <processor name="Fitter04" type="EUTelTestFitter">
    <parameter name="CorrectedHitCollectionName" type="string" lcioOutType="TrackerHit"> corrhits4 </parameter>
    <parameter name="OutputHitCollectionName" type="string" lcioOutType="TrackerHit"> fithits4 </parameter>
    <parameter name="OutputTrackCollectionName" type="string" lcioOutType="Track"> track4 </parameter>
    <parameter name="PassiveLayerIDs" type="IntVec">4</parameter>
  </processor>
  
  <processor name="Fitter05" type="EUTelTestFitter">
    <parameter name="CorrectedHitCollectionName" type="string" lcioOutType="TrackerHit"> corrhits5 </parameter>
    <parameter name="OutputHitCollectionName" type="string" lcioOutType="TrackerHit"> fithits5 </parameter>
    <parameter name="OutputTrackCollectionName" type="string" lcioOutType="Track"> track5 </parameter>
    <parameter name="PassiveLayerIDs" type="IntVec">5</parameter>
  </processor>
</group>





<group name="TelDUTTransferToLocalCoordinates" >
  <!--Apply to the input hit the alignment corrections-->
  <!--Alignment constant from the condition file-->
  <parameter name="AlignmentConstantName" type="string" lcioInType="LCGenericObject"> dummy </parameter>
  <!--The name of the output hit collection-->
  <parameter name="OutputHitCollectionName" type="string" lcioOutType="TrackerHit"> fithits </parameter>
  <!--Rotation Angle around X axis-->
  <!--parameter name="Alpha" type="double" value="0"/-->
  <!--Available directions are:
      0 -> direct  
      1 -> reverse -->
  <parameter name="ApplyAlignmentDirection" type="int" value="1"/>
  <!--Do you want the reference hit collection to be corrected by the shifts and tilts from the alignment collection?-->
  <parameter name="ApplyToReferenceCollection" type="bool"> 1 </parameter>
  <!--Rotation Angle around Y axis-->
  <!--parameter name="Beta" type="double" value="0"/-->
  <!--Available methods are:
      0 -> shift only 
      1 -> rotation first 
      2 -> shift first -->
  <parameter name="CorrectionMethod" type="int" value="1"/>
  <!--Enable or disable DEBUG mode -->
  <parameter name="DEBUG" type="bool" value="false"/>
  <!--Implement geometry shifts and rotations as described in alignmentCollectionName -->
  <!--parameter name="DoAlignCollection" type="bool" value="false"/-->
  <!--Apply alignment steps in one go. Is supposed to be used for reversealignment in reverse order, like: undoAlignment, undoPreAlignment, undoGear -->
  <parameter name="DoAlignmentInOneGo" type="bool" value="true"/>
  <!--Implement geometry shifts and rotations as described in GEAR steering file -->
  <!--parameter name="DoGear" type="bool" value="false"/-->
  <!--Rotation Angle around Z axis-->
  <!--parameter name="Gamma" type="double" value="0"/-->
  <!--Enable or disable histograms-->
  <parameter name="HistogramSwitch" type="bool" value="false"/>
  <!--This is the name of the modified output reference hit collection-->
  <!--parameter name="OutputReferenceCollection" type="string" value="output_refhit"/-->
  <!--Events number to have DEBUG1 printed outs (default=10)-->
  <parameter name="PrintEvents" type="int" value="0"/>
  <!--This is the name of the reference hit collection-->
  <parameter name="ReferenceCollection" type="string"> refhit refhit </parameter>
  <!--verbosity level of this processor ("DEBUG0-4,MESSAGE0-4,WARNING0-4,ERROR0-4,SILENT")-->
  <!--parameter name="Verbosity" type="string" value=""/-->
  <!--List of alignment collections that were applied to the DUT-->
  <parameter name="alignmentCollectionNames" type="StringVec"> prealign alignment </parameter>

  <processor name="ApplyAlignmentFitHits00" type="EUTelApplyAlignmentProcessor">
    <!--The name of the input hit collection-->
    <parameter name="InputHitCollectionName" type="StringVec" lcioInType="TrackerHit"> fithits0 alignedHit </parameter>
    <!--List of hit collections. First one is INPUT collection, every subsequent corresponds to applying alignment collection-->
    <parameter name="hitCollectionNames" type="StringVec"> gearfithits0 prealignedfithits0 </parameter>
    <!--List of refhit collections. First one is INPUT collection, every subsequent corresponds to applying alignment collection-->
    <parameter name="refhitCollectionNames" type="StringVec"> refhit02 refhit01 </parameter>
  </processor>

  <processor name="ApplyAlignmentFitHits01" type="EUTelApplyAlignmentProcessor">
    <parameter name="InputHitCollectionName" type="StringVec" lcioInType="TrackerHit"> fithits1 alignedHit </parameter>
    <parameter name="hitCollectionNames" type="StringVec"> gearfithits1 prealignedfithits1 </parameter>
    <parameter name="refhitCollectionNames" type="StringVec"> refhit12 refhit11 </parameter>
  </processor>

  <processor name="ApplyAlignmentFitHits02" type="EUTelApplyAlignmentProcessor">
    <parameter name="InputHitCollectionName" type="StringVec" lcioInType="TrackerHit"> fithits2 alignedHit </parameter>
    <parameter name="hitCollectionNames" type="StringVec"> gearfithits2 prealignedfithits2 </parameter>
    <parameter name="refhitCollectionNames" type="StringVec"> refhit22 refhit21 </parameter>
  </processor>

  <processor name="ApplyAlignmentFitHits03" type="EUTelApplyAlignmentProcessor">
    <parameter name="InputHitCollectionName" type="StringVec" lcioInType="TrackerHit"> fithits3 alignedHit </parameter>
    <parameter name="hitCollectionNames" type="StringVec"> gearfithits3 prealignedfithits3 </parameter>
    <parameter name="refhitCollectionNames" type="StringVec"> refhit32 refhit31 </parameter>
  </processor>

  <processor name="ApplyAlignmentFitHits04" type="EUTelApplyAlignmentProcessor">
    <parameter name="InputHitCollectionName" type="StringVec" lcioInType="TrackerHit"> fithits4 alignedHit </parameter>
    <parameter name="hitCollectionNames" type="StringVec"> gearfithits4 prealignedfithits4 </parameter>
    <parameter name="refhitCollectionNames" type="StringVec"> refhit42 refhit41 </parameter>
  </processor>

  <processor name="ApplyAlignmentFitHits05" type="EUTelApplyAlignmentProcessor">
    <parameter name="InputHitCollectionName" type="StringVec" lcioInType="TrackerHit"> fithits5 alignedHit </parameter>
    <parameter name="hitCollectionNames" type="StringVec"> gearfithits5 prealignedfithits5 </parameter>
    <parameter name="refhitCollectionNames" type="StringVec"> refhit52 refhit51 </parameter>
  </processor>
</group>




<group name="TelDUTHistos" >
 <!--Analysis of DUT performance based on the analytic track fit results-->
  <!--Name of the input DUT hit collection-->
  <parameter name="InputHitCollectionName" type="string" lcioInType="TrackerHit"> alignedHit </parameter>
  <!--Name of the input DUT hit collection-->
  <parameter name="InputRecHitCollectionName" type="string" lcioInType="TrackerHit"> hit </parameter>
  <!--Alignment corrections for DUT: shift (in mm) in X, Y and rotation around Z-->
  <parameter name="DUTalignment" type="FloatVec"> 0 0 0 </parameter>
  <!--DUT sensor pitch in X-->
  <parameter name="DUTpitchX" type="double" value="0.018"/>
  <!--DUT sensor pitch in Y-->
  <parameter name="DUTpitchY" type="double" value="0.018"/>
  <!--Maximum allowed distance between fit and matched DUT hit in [mm]-->
  <parameter name="DistMax" type="double" value="0.500"/>
  <!--Name of the histogram information file-->
  <parameter name="HistoInfoFileName" type="string" value="/nfs/dust/atlas/user/ridder/ilcsoft/v01-17-05/Eutelescope/trunk/jobsub/FEI4/steering-templates/histoinfo.xml"/>
  <!--Flag for manual DUT selection-->
  <parameter name="UseManualDUT" type="bool" value="True"/>
  <!--Do you want the reference hit collection to be used for coordinate transformations?-->
  <!--parameter name="UseReferenceCollection" type="bool" value="true"/-->
  <!--verbosity level of this processor ("DEBUG0-4,MESSAGE0-4,WARNING0-4,ERROR0-4,SILENT")-->
  <!--parameter name="Verbosity" type="string" value=""/-->
  <!--cluster size X cut -->
  <!--parameter name="cluSizeXCut" type="int" value="-1"/-->
  <!--cluster size Y cut -->
  <!--parameter name="cluSizeYCut" type="int" value="-1"/-->
  <!--number of hit on a track with _cluSizeX cluster size -->
  <!--parameter name="trackNCluXCut" type="int" value="0"/-->
  <!--number of hit on a track with _cluSizeY cluster size -->
  <!--parameter name="trackNCluYCut" type="int" value="0"/-->

  <processor name="DUTHisto00" type="EUTelDUTHistograms">
    <!--Name of the input DUT hit collection-->
    <parameter name="InputFitHitCollectionName" type="string" lcioInType="TrackerHit"> gearfithits0 </parameter>
    <!--Name of the input Track collection-->
    <parameter name="InputTrackCollectionName" type="StringVec" lcioInType="Track"> track0 track </parameter>
    <!--Id of telescope layer which should be used as DUT-->
    <parameter name="ManualDUTid" type="int" value="0"/>
    <!--reference hit collection name -->
    <parameter name="ReferenceCollection" type="string"> refhit02 refhit </parameter>
  </processor>

  <processor name="DUTHisto01" type="EUTelDUTHistograms">
    <parameter name="InputFitHitCollectionName" type="string" lcioInType="TrackerHit"> gearfithits1 </parameter>
    <parameter name="InputTrackCollectionName" type="StringVec" lcioInType="Track"> track1 track </parameter>
    <parameter name="ManualDUTid" type="int" value="1"/>
    <parameter name="ReferenceCollection" type="string"> refhit12 refhit </parameter>
  </processor>

  <processor name="DUTHisto02" type="EUTelDUTHistograms">
    <parameter name="InputFitHitCollectionName" type="string" lcioInType="TrackerHit"> gearfithits2 </parameter>
    <parameter name="InputTrackCollectionName" type="StringVec" lcioInType="Track"> track2 track </parameter>
    <parameter name="ManualDUTid" type="int" value="2"/>
    <parameter name="ReferenceCollection" type="string"> refhit22 refhit </parameter>
  </processor>

  <processor name="DUTHisto03" type="EUTelDUTHistograms">
    <parameter name="InputFitHitCollectionName" type="string" lcioInType="TrackerHit"> gearfithits3 </parameter>
    <parameter name="InputTrackCollectionName" type="StringVec" lcioInType="Track"> track3 track </parameter>
    <parameter name="ManualDUTid" type="int" value="3"/>
    <parameter name="ReferenceCollection" type="string"> refhit32 refhit </parameter>
  </processor>

  <processor name="DUTHisto04" type="EUTelDUTHistograms">
    <parameter name="InputFitHitCollectionName" type="string" lcioInType="TrackerHit"> gearfithits4 </parameter>
    <parameter name="InputTrackCollectionName" type="StringVec" lcioInType="Track"> track4 track </parameter>
    <parameter name="ManualDUTid" type="int" value="4"/>
    <parameter name="ReferenceCollection" type="string"> refhit42 refhit </parameter>
  </processor>

  <processor name="DUTHisto05" type="EUTelDUTHistograms">
    <parameter name="InputFitHitCollectionName" type="string" lcioInType="TrackerHit"> gearfithits5 </parameter>
    <parameter name="InputTrackCollectionName" type="StringVec" lcioInType="Track"> track5 track </parameter>
    <parameter name="ManualDUTid" type="int" value="5"/>
    <parameter name="ReferenceCollection" type="string"> refhit52 refhit </parameter>
  </processor>
</group>




 <processor name="MyEUTelUtilityPrintEventNumber" type="EUTelUtilityPrintEventNumber">
 <!--EUTelUtilityPrintEventNumber prints event number to screen depending on the verbosity level-->
  <!--Print event number for every n-th event-->
  <parameter name="EveryNEvents" type="int" value="1000"/>
  <!--verbosity level of this processor ("DEBUG0-4,MESSAGE0-4,WARNING0-4,ERROR0-4,SILENT")-->
  <!--parameter name="Verbosity" type="string" value=""/-->
  <!--print the event timestamp as read from LCIO-->
  <!--parameter name="printTimestamp" type="bool" value="false"/-->
</processor>

 <processor name="Save" type="EUTelOutputProcessor">
 <!--Writes the current event to the specified LCIO outputfile. Eventually it adds a EORE at the of the file if it was missing Needs to be the last ActiveProcessor.-->
  <!--drops the named collections from the event-->
  <parameter name="DropCollectionNames" type="StringVec"> hit hit_eta3x3 alignedHit_eta3x3 </parameter>
  <!--drops all collections of the given type from the event-->
  <!--parameter name="DropCollectionTypes" type="StringVec"> SimTrackerHit SimCalorimeterHit </parameter-->
  <!-- write complete objects in subset collections to the file (i.e. ignore subset flag)-->
  <!--parameter name="FullSubsetCollections" type="StringVec" value="MCParticlesSkimmed"/-->
  <!--force keep of the named collections - overrules DropCollectionTypes (and DropCollectionNames)-->
  <!--parameter name="KeepCollectionNames" type="StringVec" value="MyPreciousSimTrackerHits"/-->
  <!-- name of output file -->
  <parameter name="LCIOOutputFile" type="string" value="./output/lcio/run003569-track.slcio"/>
  <!--write mode for output file:  WRITE_APPEND or WRITE_NEW-->
  <parameter name="LCIOWriteMode" type="string" value="WRITE_NEW"/>
  <!--Set it to true to remove intermediate EORE in merged runs-->
  <parameter name="SkipIntermediateEORE" type="bool" value="true"/>
  <!--will split output file if size in kB exceeds given value - doesn't work with APPEND and NEW-->
  <!--parameter name="SplitFileSizekB" type="int" value="1992294"/-->
  <!--verbosity level of this processor ("DEBUG0-4,MESSAGE0-4,WARNING0-4,ERROR0-4,SILENT")-->
  <!--parameter name="Verbosity" type="string" value=""/-->
</processor>

</marlin>
