<?xml version="1.0" encoding="us-ascii"?>
<!-- ?xml-stylesheet type="text/xsl" href="http://ilcsoft.desy.de/marlin/marlin.xsl"? -->
<!-- ?xml-stylesheet type="text/xsl" href="marlin.xsl"? -->

<!--
============================================================================================================================
   Steering File generated by Marlin GUI on Fri Aug  2 11:52:27 2013

   WARNING: - Please be aware that comments made in the original steering file were lost.
            - Processors that are not installed in your Marlin binary lost their parameter's descriptions and types as well.
            - Extra parameters that aren't categorized as default in a processor lost their description and type.
============================================================================================================================
-->


<marlin xmlns:xsi="http://www.w3.org/2001/XMLSchema-instance" xsi:noNamespaceSchemaLocation="http://ilcsoft.desy.de/marlin/marlin.xsd">

   <execute>
      <processor name="AIDA"/>
      <processor name="LoadDB"/>
      <!--processor name="ApplyPreAlignment"/>
      <processor name="ApplyAlignment"/-->
      <group name="TelDUTFitter"/>
      <group name="TelDUTTransferToLocalCoordinates"/>
      <processor name="MyEUTelUtilityPrintEventNumber"/>
      <processor name="WriteTracksToNTuple"/>
      <processor name="Save"/>
   </execute>

   <global>
      <parameter name="LCIOInputFiles"> ./output/lcio/run003546-hitmaker.slcio </parameter>
      <parameter name="GearXMLFile" value="/nfs/dust/atlas/user/ridder/ilcsoft/v01-17-05/Eutelescope/trunk/jobsub/FEI4/gear_ALIGNED/gear_150mm_1fei4_96.xml"/>
      <parameter name="MaxRecordNumber" value="10000"/>
      <parameter name="SkipNEvents" value="0"/>
      <parameter name="SupressCheck" value="false"/>
      <parameter name="Verbosity" value="MESSAGE4"/>
   </global>

 <processor name="AIDA" type="AIDAProcessor">
 <!--Processor that handles AIDA files. Creates on directory per processor.  Processors only need to create and fill the histograms, clouds and tuples. Needs to be the first ActiveProcessor-->
  <!-- compression of output file 0: false >0: true (default) -->
  <parameter name="Compress" type="int" value="1"/>
  <!-- filename without extension-->
  <parameter name="FileName" type="string" value="./output/histograms/run003546-fitter"/>
  <!-- type of output file root (default) or xml )-->
  <parameter name="FileType" type="string" value="root"/>
  <!--verbosity level of this processor ("DEBUG0-4,MESSAGE0-4,WARNING0-4,ERROR0-4,SILENT")-->
  <!--parameter name="Verbosity" type="string" value=""/-->
</processor>

 <processor name="LoadDB" type="ConditionsProcessor">
 <!--ConditionsProcessor provides access to conditions data  transparently from LCIO files or a databases, using LCCD-->
  <!--Initialization of a conditions database handler-->
  <!--parameter name="DBCondHandler" type="StringVec"> conditionsName /lccd/myfolder HEAD </parameter-->
  <!--Initialization of a conditions db file handler-->
  <!--parameter name="DBFileHandler" type="StringVec"> conditionsName conditions.slcio collectionName </parameter-->
  <!--Initialization string for conditions database-->
  <parameter name="DBInit" type="string" value="localhost:lccd_test:align:tel"/>
  <!--Initialization of a data file handler-->
  <!--parameter name="DataFileHandler" type="StringVec" value="conditionsName"/-->
  <!--Initialization of a simple conditions file handler-->
  <parameter name="SimpleFileHandler" type="StringVec"> refhit ./output/database/run003546-refhit-db.slcio referenceHit </parameter>
  <parameter name="SimpleFileHandler" type="StringVec"> refhit01 ./output/database/run003546-refhit-db.slcio referenceHit </parameter>
  <parameter name="SimpleFileHandler" type="StringVec"> refhit02 ./output/database/run003546-refhit-db.slcio referenceHit </parameter>
  <parameter name="SimpleFileHandler" type="StringVec"> refhit11 ./output/database/run003546-refhit-db.slcio referenceHit </parameter>
  <parameter name="SimpleFileHandler" type="StringVec"> refhit12 ./output/database/run003546-refhit-db.slcio referenceHit </parameter>
  <parameter name="SimpleFileHandler" type="StringVec"> refhit21 ./output/database/run003546-refhit-db.slcio referenceHit </parameter>
  <parameter name="SimpleFileHandler" type="StringVec"> refhit22 ./output/database/run003546-refhit-db.slcio referenceHit </parameter>
  <parameter name="SimpleFileHandler" type="StringVec"> refhit31 ./output/database/run003546-refhit-db.slcio referenceHit </parameter>
  <parameter name="SimpleFileHandler" type="StringVec"> refhit32 ./output/database/run003546-refhit-db.slcio referenceHit </parameter>
  <parameter name="SimpleFileHandler" type="StringVec"> refhit41 ./output/database/run003546-refhit-db.slcio referenceHit </parameter>
  <parameter name="SimpleFileHandler" type="StringVec"> refhit42 ./output/database/run003546-refhit-db.slcio referenceHit </parameter>
  <parameter name="SimpleFileHandler" type="StringVec"> refhit51 ./output/database/run003546-refhit-db.slcio referenceHit </parameter>
  <parameter name="SimpleFileHandler" type="StringVec"> refhit52 ./output/database/run003546-refhit-db.slcio referenceHit </parameter>
  <parameter name="SimpleFileHandler" type="StringVec"> prealign  ./output/database/run003546-prealign-db.slcio alignment </parameter>
  <!--parameter name="SimpleFileHandler" type="StringVec"> align ./output/database/run003546-alignment.slcio alignment </parameter-->
  <!--verbosity level of this processor ("DEBUG0-4,MESSAGE0-4,WARNING0-4,ERROR0-4,SILENT")-->
  <!--parameter name="Verbosity" type="string" value=""/-->
</processor>


 <processor name="ApplyPreAlignment" type="EUTelApplyAlignmentProcessor">
 <!--Apply to the input hit the alignment corrections-->
  <!--Alignment constant from the condition file-->
  <parameter name="AlignmentConstantName" type="string" lcioInType="LCGenericObject"> prealign </parameter>
  <!--The name of the input hit collection-->
  <parameter name="InputHitCollectionName" type="string" lcioInType="TrackerHit"> hit </parameter>
  <!--The name of the output hit collection-->
  <parameter name="OutputHitCollectionName" type="string" lcioOutType="TrackerHit"> alignedPre </parameter>
  <!--Rotation Angle around X axis-->
  <!--parameter name="Alpha" type="double" value="0"/-->
  <!--Available directinos are:
 0 -> direct  
 1 -> reverse -->
  <parameter name="ApplyAlignmentDirection" type="int" value="0"/>
  <!--Do you want the reference hit collection to be corrected by the shifts and tilts from the alignment collection?-->
  <parameter name="ApplyToReferenceCollection" type="bool" value="1"/>
  <!--Rotation Angle around Y axis-->
  <!--parameter name="Beta" type="double" value="0"/-->
  <!--Available methods are:
 0 -> shift only 
 1 -> rotation first 
 2 -> shift first -->
  <parameter name="CorrectionMethod" type="int" value="1"/>
  <!--Enable or disable DEBUG mode -->
  <parameter name="DEBUG" type="bool" value="false"/>
  <!--Implement geometry shifts and rotations as described in alignmentCollectionName -->
  <parameter name="DoAlignCollection" type="bool" value="true"/>
  <!--Apply alignment steps in one go. Is supposed to be used for reversealignment in reverse order, like: undoAlignment, undoPreAlignment, undoGear -->
  <!--parameter name="DoAlignmentInOneGo" type="bool" value="false"/-->
  <!--Implement geometry shifts and rotations as described in GEAR steering file -->
  <!--parameter name="DoGear" type="bool" value="false"/-->
  <!--Rotation Angle around Z axis-->
  <!--parameter name="Gamma" type="double" value="0"/-->
  <!--Enable or disable histograms-->
  <parameter name="HistogramSwitch" type="bool" value="true"/>
  <!--This is the name of the modified output reference hit collection-->
  <!--parameter name="OutputReferenceCollection" type="string" value="output_refhit"/-->
  <!--Events number to have DEBUG1 printed outs (default=10)-->
  <parameter name="PrintEvents" type="int" value="3"/>
  <!--This is the name of the reference hit collection-->
  <parameter name="ReferenceCollection" type="string" value="refhit"/>
  <!--verbosity level of this processor ("DEBUG0-4,MESSAGE0-4,WARNING0-4,ERROR0-4,SILENT")-->
  <!--parameter name="Verbosity" type="string" value=""/-->
  <!--List of alignment collections that were applied to the DUT-->
  <parameter name="alignmentCollectionNames" type="StringVec" value="prealign"/>
  <!--List of hit collections. First one is INPUT collection, every subsequent corresponds to applying alignment collection-->
  <parameter name="hitCollectionNames" type="StringVec" value="hitCollectionNames"/>
  <!--List of refhit collections. First one is INPUT collection, every subsequent corresponds to applying alignment collection-->
  <parameter name="refhitCollectionNames" type="StringVec" value="hitCollectionNames"/>
</processor>


 <processor name="ApplyAlignment" type="EUTelApplyAlignmentProcessor">
 <!--Apply to the input hit the alignment corrections-->
  <!--Alignment constant from the condition file-->
  <parameter name="AlignmentConstantName" type="string" lcioInType="LCGenericObject"> align </parameter>
  <!--The name of the input hit collection-->
  <parameter name="InputHitCollectionName" type="string" lcioInType="TrackerHit"> alignedPre </parameter>
  <!--The name of the output hit collection-->
  <parameter name="OutputHitCollectionName" type="string" lcioOutType="TrackerHit"> alignedHit </parameter>
  <!--Rotation Angle around X axis-->
  <!--parameter name="Alpha" type="double" value="0"/-->
  <!--Available directinos are:
 0 -> direct  
 1 -> reverse -->
  <parameter name="ApplyAlignmentDirection" type="int" value="0"/>
  <!--Do you want the reference hit collection to be corrected by the shifts and tilts from the alignment collection?-->
  <parameter name="ApplyToReferenceCollection" type="bool" value="1"/>
  <!--Rotation Angle around Y axis-->
  <!--parameter name="Beta" type="double" value="0"/-->
  <!--Available methods are:
 0 -> shift only 
 1 -> rotation first 
 2 -> shift first -->
  <parameter name="CorrectionMethod" type="int" value="1"/>
  <!--Enable or disable DEBUG mode -->
  <parameter name="DEBUG" type="bool" value="false"/>
  <!--Implement geometry shifts and rotations as described in alignmentCollectionName -->
  <parameter name="DoAlignCollection" type="bool" value="true"/>
  <!--Apply alignment steps in one go. Is supposed to be used for reversealignment in reverse order, like: undoAlignment, undoPreAlignment, undoGear -->
  <!--parameter name="DoAlignmentInOneGo" type="bool" value="false"/-->
  <!--Implement geometry shifts and rotations as described in GEAR steering file -->
  <!--parameter name="DoGear" type="bool" value="false"/-->
  <!--Rotation Angle around Z axis-->
  <!--parameter name="Gamma" type="double" value="0"/-->
  <!--Enable or disable histograms-->
  <parameter name="HistogramSwitch" type="bool" value="false"/>
  <!--This is the name of the modified output reference hit collection-->
  <!--parameter name="OutputReferenceCollection" type="string" value="output_refhit"/-->
  <!--Events number to have DEBUG1 printed outs (default=10)-->
  <parameter name="PrintEvents" type="int" value="3"/>
  <!--This is the name of the reference hit collection-->
  <parameter name="ReferenceCollection" type="string" value="refhit"/>
  <!--verbosity level of this processor ("DEBUG0-4,MESSAGE0-4,WARNING0-4,ERROR0-4,SILENT")-->
  <!--parameter name="Verbosity" type="string" value=""/-->
  <!--List of alignment collections that were applied to the DUT-->
  <parameter name="alignmentCollectionNames" type="StringVec" value="align"/>
  <!--List of hit collections. First one is INPUT collection, every subsequent corresponds to applying alignment collection-->
  <parameter name="hitCollectionNames" type="StringVec" value="hitCollectionNames"/>
  <!--List of refhit collections. First one is INPUT collection, every subsequent corresponds to applying alignment collection-->
  <parameter name="refhitCollectionNames" type="StringVec" value="hitCollectionNames"/>
</processor>

<group name="TelDUTFitter" >
  <!--Should plots be made and filled?-->
  <!--parameter name="AddToLCIO" type="bool" value="true"/-->
  <!--Names of alignment collections, should be in same order as application-->
  <parameter name="AlignmentCollectionNames" type="StringVec" value=""/><!--prealign align"/-->
  <!--DAF fitter: The cutoff value for a measurement to be included in the fit.-->
  <parameter name="Chi2Cutoff" type="float" value="100" />
  <!--List of sensor IDs for the DUT planes. Used to make the decision on whether ro accept the track or not. These planes are not used in track finder, and not in the track fitter unless option 'FitDuts' is set.-->
  <parameter name="DutPlanes" type="IntVec"> 20 </parameter>
  <!--Sigma of telescope resolution in the global X plane,-->
  <parameter name="DutResolutionX" type="float" value="14"/>
  <!--Sigma of telescope resolution in the global Y plane,-->
  <parameter name="DutResolutionY" type="float" value="70"/>
  <!--Beam energy [GeV], used to calculate amount of scatter-->
  <parameter name="Ebeam" type="float" value="4.0"/>
  <!--Track finding: The maximum allowed distance between to hits in the xy plane for inclusion in track candidate-->
  <parameter name="FinderRadius" type="float" value="1500"/>
  <!--Set this to true if you want DUTs to be included in the track fit-->
  <parameter name="FitDuts" type="bool" value="true"/>
  <!--Should plots be made and filled?-->
  <parameter name="MakePlots" type="bool" value="true"/>
  <!--Maximum allowed global chi2/ndof-->
  <parameter name="MaxChi2OverNdof" type="float" value="100"/>
  <!--How many DUT hits do we need in order to accept track?-->
  <parameter name="NDutHits" type="int" value="0"/>
  <!--dx/dz assumed by track finder-->
  <parameter name="NominalDxdz" type="float" value="0.0"/>
  <!--dy/dz assumed by track finder-->
  <parameter name="NominalDydz" type="float" value="0.0"/>
  <!--Radiation lengths of planes.-->
  <!--parameter name="RadiationLengths" type="FloatVec"> </parameter-->
  <!--reference hit collection name -->
  <parameter name="ReferenceCollection" type="string" value="refhit"/>
  <!--How many telescope planes do we require to be included in the fit?-->
  <parameter name="RequireNTelPlanes" type="float" value="6"/>
  <!--Scale thickness of DUT planes-->
  <!--parameter name="ScaleScattering" type="float" value="1"/-->
  <!--Sigma of telescope resolution in the global X plane,-->
  <parameter name="TelResolutionX" type="float" value="4.0"/>
  <!--Sigma of telescope resolution in the global Y plane,-->
  <parameter name="TelResolutionY" type="float" value="4.0"/>
  <!--List of sensor IDs for the telescope planes. These planes are used for the track finder, and track fitter.-->
  <parameter name="TelescopePlanes" type="IntVec"> 0 1 2 3 4 5 </parameter>

  <!--processor name="FitterAlignedHits" type="EUTelDafFitter"-->
    <!--Names of input hit collections-->
    <!--parameter name="HitCollectionName" type="StringVec" value="alignedHit"/>
    <parameter name="TrackCollectionName" type="string" lcioOutType="Track"> track_alignedhits </parameter>
  </processor-->

  <processor name="FitterGearHits" type="EUTelDafFitter">
    <!--Names of input hit collections-->
    <parameter name="HitCollectionName" type="StringVec" value="hit"/>
    <parameter name="TrackCollectionName" type="string" lcioOutType="Track"> track_gearhits </parameter>
  </processor>
</group>


<group name="TelDUTTransferToLocalCoordinates" >
  <!--Apply to the input hit the alignment corrections-->
  <!--Alignment constant from the condition file-->
  <parameter name="AlignmentConstantName" type="string" lcioInType="LCGenericObject"> dummy </parameter>
  <!--The name of the output hit collection-->
  <parameter name="OutputHitCollectionName" type="string" lcioOutType="TrackerHit"> fithits </parameter>
  <!--Rotation Angle around X axis-->
  <!--parameter name="Alpha" type="double" value="0"/-->
  <!--Available directions are:
      0 -> direct  
      1 -> reverse -->
  <parameter name="ApplyAlignmentDirection" type="int" value="1"/>
  <!--Do you want the reference hit collection to be corrected by the shifts and tilts from the alignment collection?-->
  <parameter name="ApplyToReferenceCollection" type="bool"> 1 </parameter>
  <!--Rotation Angle around Y axis-->
  <!--parameter name="Beta" type="double" value="0"/-->
  <!--Available methods are:
      0 -> shift only 
      1 -> rotation first 
      2 -> shift first -->
  <parameter name="CorrectionMethod" type="int" value="1"/>
  <!--Enable or disable DEBUG mode -->
  <parameter name="DEBUG" type="bool" value="false"/>
  <!--Implement geometry shifts and rotations as described in alignmentCollectionName -->
  <!--parameter name="DoAlignCollection" type="bool" value="false"/-->
  <!--Apply alignment steps in one go. Is supposed to be used for reversealignment in reverse order, like: undoAlignment, undoPreAlignment, undoGear -->
  <parameter name="DoAlignmentInOneGo" type="bool" value="true"/>
  <!--Implement geometry shifts and rotations as described in GEAR steering file -->
  <!--parameter name="DoGear" type="bool" value="false"/-->
  <!--Rotation Angle around Z axis-->
  <!--parameter name="Gamma" type="double" value="0"/-->
  <!--Enable or disable histograms-->
  <parameter name="HistogramSwitch" type="bool" value="false"/>
  <!--This is the name of the modified output reference hit collection-->
  <!--parameter name="OutputReferenceCollection" type="string" value="output_refhit"/-->
  <!--Events number to have DEBUG1 printed outs (default=10)-->
  <parameter name="PrintEvents" type="int" value="0"/>
  <!--This is the name of the reference hit collection-->
  <parameter name="ReferenceCollection" type="string"> refhit refhit </parameter>
  <!--verbosity level of this processor ("DEBUG0-4,MESSAGE0-4,WARNING0-4,ERROR0-4,SILENT")-->
  <!--parameter name="Verbosity" type="string" value=""/-->
  <!--List of alignment collections that were applied to the DUT-->
  <parameter name="alignmentCollectionNames" type="StringVec"> prealign align </parameter>
</group>


 <processor name="MyEUTelUtilityPrintEventNumber" type="EUTelUtilityPrintEventNumber">
 <!--EUTelUtilityPrintEventNumber prints event number to screen depending on the verbosity level-->
  <!--Print event number for every n-th event-->
  <parameter name="EveryNEvents" type="int" value="1000"/>
  <!--verbosity level of this processor ("DEBUG0-4,MESSAGE0-4,WARNING0-4,ERROR0-4,SILENT")-->
  <!--parameter name="Verbosity" type="string" value=""/-->
  <!--print the event timestamp as read from LCIO-->
  <!--parameter name="printTimestamp" type="bool" value="false"/-->
</processor>

 <processor name="Save" type="EUTelOutputProcessor">
 <!--Writes the current event to the specified LCIO outputfile. Eventually it adds a EORE at the of the file if it was missing Needs to be the last ActiveProcessor.-->
  <!--drops the named collections from the event-->
  <parameter name="DropCollectionNames" type="StringVec"> hit hit_eta3x3 alignedHit_eta3x3 </parameter>
  <!--drops all collections of the given type from the event-->
  <!--parameter name="DropCollectionTypes" type="StringVec"> SimTrackerHit SimCalorimeterHit </parameter-->
  <!-- write complete objects in subset collections to the file (i.e. ignore subset flag)-->
  <!--parameter name="FullSubsetCollections" type="StringVec" value="MCParticlesSkimmed"/-->
  <!--force keep of the named collections - overrules DropCollectionTypes (and DropCollectionNames)-->
  <!--parameter name="KeepCollectionNames" type="StringVec" value="MyPreciousSimTrackerHits"/-->
  <!-- name of output file -->
  <parameter name="LCIOOutputFile" type="string" value="./output/lcio/run003546-track.slcio"/>
  <!--write mode for output file:  WRITE_APPEND or WRITE_NEW-->
  <parameter name="LCIOWriteMode" type="string" value="WRITE_NEW"/>
  <!--Set it to true to remove intermediate EORE in merged runs-->
  <parameter name="SkipIntermediateEORE" type="bool" value="true"/>
  <!--will split output file if size in kB exceeds given value - doesn't work with APPEND and NEW-->
  <!--parameter name="SplitFileSizekB" type="int" value="1992294"/-->
  <!--verbosity level of this processor ("DEBUG0-4,MESSAGE0-4,WARNING0-4,ERROR0-4,SILENT")-->
  <!--parameter name="Verbosity" type="string" value=""/-->
</processor>

 <processor name="WriteTracksToNTuple" type="EUTelFitTuple">
  <!--Prepare n-tuple with track fit results-->
  <!--Name of the input Track collection-->
  <parameter name="InputCollectionName" type="string" lcioInType="Track">track_gearhits </parameter>
  <!--Id of telescope layer which should be used as DUT-->
  <parameter name="DUTid" type="int">20 </parameter>
  <!--Value used for missing measurements-->
  <parameter name="MissingValue" type="double">-100 </parameter>
  <!--Flag for manual DUT selection-->
  <parameter name="UseManualDUT" type="bool">false </parameter>
  <!--"Path/File where root-file should be stored"-->
  <parameter name="OutputPath" type="string">./output/histograms/run003546-NTuple.root </parameter>
  <!--verbosity level of this processor ("DEBUG0-4,MESSAGE0-4,WARNING0-4,ERROR0-4,SILENT")-->
  <!--parameter name="Verbosity" type="string">DEBUG </parameter-->
</processor>

</marlin>
